Workbook

Sheet Исходные данные
A1: Исходные данные и допущения
A2: Синим - ввод, можно менять, всё пересчитается. Чёрным - расчёт. Жёлтым - ключевые допущения.
A4: Параметр | B4: Значение | C4: Единица | D4: Источник или основание
A5: Запросов в месяц | B5: 30000 | C5: шт | D5: Гипотеза проекта, подтверждается вопросом Q-19
A6: Пропускная способность | B6: 2 | C6: RPS | D6: НФТ NFR-1.3
A7: Латентность p95 | B7: 5 | C7: с | D7: НФТ NFR-1.2
A8: Одновременных обработок | B8: =B6*B7 -> 10 | C8: шт | D8: Закон Литтла: RPS умножить на время ответа
A9: Потоков генерации на обработку | B9: 2 | C9: шт | D9: ADR-0007: агенты извлечения работают параллельно
A10: Потоков генерации всего | B10: =B8*B9 -> 20 | C10: шт | D10: Расчёт
A11: Требуемая скорость на поток | B11: 90 | C11: ток/с | D11: НФТ профиль B, выведено из бюджета токенов в ADR-0010
A12: Длина контекста | B12: 8192 | C12: токенов | D12: Допущение проекта
A13: Слоёв модели | B13: 48 | C13: шт | D13: Порядок величины для моделей 14-30B
A14: Скрытая размерность | B14: 4096 | D14: Там же
A15: Голов внимания | B15: 32 | C15: шт | D15: Там же
A16: KV-голов (GQA) | B16: 4 | C16: шт | D16: Требование проекта: GQA не хуже 4/32
A17: Накладные на ядра и буферы | B17: 1.2 | C17: x | D17: Отраслевой множитель
A18: КПД полосы памяти | B18: 0.7 | C18: доля | D18: Практически достижимая доля паспортной полосы
A19: Часов в месяце | B19: 730 | C19: ч | D19: 24 умножить на 365 и разделить на 12

Sheet VRAM
A1: Видеопамять: веса и KV-cache
A2: Веса = параметры x байт на параметр x накладные. Байт: FP16 = 2.0, INT8 = 1.0, INT4 = 0.6 (0.5 плюс метаданные квантования).
A4: Модель | B4: Параметров, млрд | C4: FP16, ГБ | D4: INT8, ГБ | E4: INT4, ГБ
A5: Qwen3-8B | B5: 8 | C5: =B5*2*'Исходные данные'!$B$17 -> 19.2 | D5: =B5*1*'Исходные данные'!$B$17 -> 9.6 | E5: =B5*0.6*'Исходные данные'!$B$17 -> 5.76
A6: Qwen3-14B | B6: 14 | C6: =B6*2*'Исходные данные'!$B$17 -> 33.6 | D6: =B6*1*'Исходные данные'!$B$17 -> 16.8 | E6: =B6*0.6*'Исходные данные'!$B$17 -> 10.08
A7: Qwen3-30B-A3B | B7: 30 | C7: =B7*2*'Исходные данные'!$B$17 -> 72 | D7: =B7*1*'Исходные данные'!$B$17 -> 36 | E7: =B7*0.6*'Исходные данные'!$B$17 -> 21.6
A9: KV-cache = 2 x слои x размерность_kv x длина x потоки x байт
A10: размерность_kv = скрытая размерность x KV-голов / голов внимания, то есть эффект GQA
A11: Точность KV | B11: Байт | C11: На поток, ГБ | D11: На 20 потоков, ГБ | E11: Комментарий
A12: INT8 | B12: 1 | C12: =2*'Исходные данные'!$B$13*('Исходные данные'!$B$14*'Исходные данные'!$B$16/'Исходные данные'!$B$15)*'Исходные данные'!$B$12*B12/1024^3 -> 0.375 | D12: =C12*'Исходные данные'!$B$10 -> 7.5 | E12: Принято: квантование KV до INT8 обязательно
A13: FP16 | B13: 2 | C13: =2*'Исходные данные'!$B$13*('Исходные данные'!$B$14*'Исходные данные'!$B$16/'Исходные данные'!$B$15)*'Исходные данные'!$B$12*B13/1024^3 -> 0.75 | D13: =C13*'Исходные данные'!$B$10 -> 15 | E13: Вдвое дороже по памяти
A15: Итого на карте: веса плюс KV при 20 потоках
A16: Модель | B16: FP16 + KV, ГБ | C16: INT4 + KV, ГБ | D16: Экономия, ГБ | E16: Экономия, %
A17: Qwen3-8B | B17: =C5+VRAM!$D$12 -> 26.7 | C17: =E5+VRAM!$D$12 -> 13.26 | D17: =B17-C17 -> 13.44 | E17: =IFERROR((B17-C17)/B17,0) -> 0.50337079
A18: Qwen3-14B | B18: =C6+VRAM!$D$12 -> 41.1 | C18: =E6+VRAM!$D$12 -> 17.58 | D18: =B18-C18 -> 23.52 | E18: =IFERROR((B18-C18)/B18,0) -> 0.57226277
A19: Qwen3-30B-A3B | B19: =C7+VRAM!$D$12 -> 79.5 | C19: =E7+VRAM!$D$12 -> 29.1 | D19: =B19-C19 -> 50.4 | E19: =IFERROR((B19-C19)/B19,0) -> 0.63396226

Sheet Карты
A1: Подбор GPU: помещается ли модель и даёт ли нужную скорость
A2: Скорость генерации упирается в полосу памяти: за один проход читаются все веса. Токенов в секунду = полоса / размер весов x КПД.
A3: Главный вывод расчёта: ограничение - не объём памяти, а скорость её чтения.
A5: Карта | B5: VRAM, ГБ | C5: Полоса, ГБ/с | D5: Источник
A6: T4 16 ГБ | B6: 16 | C6: 320 | D6: NVIDIA T4 datasheet
A7: L4 24 ГБ | B7: 24 | C7: 300 | D7: NVIDIA L4 datasheet
A8: A100 40 ГБ | B8: 40 | C8: 1555 | D8: NVIDIA A100 PCIe 40GB datasheet, HBM2
A9: A100 80 ГБ | B9: 80 | C9: 1935 | D9: NVIDIA A100 PCIe 80GB, HBM2e
A11: Комбинации карта, модель и точность
A12: Карта | B12: Модель | C12: Точн. | D12: Веса, ГБ | E12: С KV, ГБ | F12: Влезает | G12: ток/с теория | H12: ток/с с КПД | I12: Проходит NFR
A13: T4 16 ГБ | B13: Qwen3-8B | C13: FP16 | D13: =VRAM!C5 -> 19.2 | E13: =D13+VRAM!$D$12 -> 26.7 | F13: =IF(E13<=$B$6,"да","нет") -> нет | G13: =$C$6/D13 -> 16.666667 | H13: =G13*'Исходные данные'!$B$18 -> 11.666667 | I13: =IF(F13="нет","не влезает",IF(H13>='Исходные данные'!$B$11,"подходит","мало скорости")) -> не влезает
A14: T4 16 ГБ | B14: Qwen3-8B | C14: INT4 | D14: =VRAM!E5 -> 5.76 | E14: =D14+VRAM!$D$12 -> 13.26 | F14: =IF(E14<=$B$6,"да","нет") -> да | G14: =$C$6/D14 -> 55.555556 | H14: =G14*'Исходные данные'!$B$18 -> 38.888889 | I14: =IF(F14="нет","не влезает",IF(H14>='Исходные данные'!$B$11,"подходит","мало скорости")) -> мало скорости
A15: T4 16 ГБ | B15: Qwen3-14B | C15: FP16 | D15: =VRAM!C6 -> 33.6 | E15: =D15+VRAM!$D$12 -> 41.1 | F15: =IF(E15<=$B$6,"да","нет") -> нет | G15: =$C$6/D15 -> 9.5238095 | H15: =G15*'Исходные данные'!$B$18 -> 6.6666667 | I15: =IF(F15="нет","не влезает",IF(H15>='Исходные данные'!$B$11,"подходит","мало скорости")) -> не влезает
A16: T4 16 ГБ | B16: Qwen3-14B | C16: INT4 | D16: =VRAM!E6 -> 10.08 | E16: =D16+VRAM!$D$12 -> 17.58 | F16: =IF(E16<=$B$6,"да","нет") -> нет | G16: =$C$6/D16 -> 31.746032 | H16: =G16*'Исходные данные'!$B$18 -> 22.222222 | I16: =IF(F16="нет","не влезает",IF(H16>='Исходные данные'!$B$11,"подходит","мало скорости")) -> не влезает
A17: T4 16 ГБ | B17: Qwen3-30B-A3B | C17: FP16 | D17: =VRAM!C7 -> 72 | E17: =D17+VRAM!$D$12 -> 79.5 | F17: =IF(E17<=$B$6,"да","нет") -> нет | G17: =$C$6/D17 -> 4.4444444 | H17: =G17*'Исходные данные'!$B$18 -> 3.1111111 | I17: =IF(F17="нет","не влезает",IF(H17>='Исходные данные'!$B$11,"подходит","мало скорости")) -> не влезает
A18: T4 16 ГБ | B18: Qwen3-30B-A3B | C18: INT4 | D18: =VRAM!E7 -> 21.6 | E18: =D18+VRAM!$D$12 -> 29.1 | F18: =IF(E18<=$B$6,"да","нет") -> нет | G18: =$C$6/D18 -> 14.814815 | H18: =G18*'Исходные данные'!$B$18 -> 10.37037 | I18: =IF(F18="нет","не влезает",IF(H18>='Исходные данные'!$B$11,"подходит","мало скорости")) -> не влезает
A19: L4 24 ГБ | B19: Qwen3-8B | C19: FP16 | D19: =VRAM!C5 -> 19.2 | E19: =D19+VRAM!$D$12 -> 26.7 | F19: =IF(E19<=$B$7,"да","нет") -> нет | G19: =$C$7/D19 -> 15.625 | H19: =G19*'Исходные данные'!$B$18 -> 10.9375 | I19: =IF(F19="нет","не влезает",IF(H19>='Исходные данные'!$B$11,"подходит","мало скорости")) -> не влезает
A20: L4 24 ГБ | B20: Qwen3-8B | C20: INT4 | D20: =VRAM!E5 -> 5.76 | E20: =D20+VRAM!$D$12 -> 13.26 | F20: =IF(E20<=$B$7,"да","нет") -> да | G20: =$C$7/D20 -> 52.083333 | H20: =G20*'Исходные данные'!$B$18 -> 36.458333 | I20: =IF(F20="нет","не влезает",IF(H20>='Исходные данные'!$B$11,"подходит","мало скорости")) -> мало скорости
A21: L4 24 ГБ | B21: Qwen3-14B | C21: FP16 | D21: =VRAM!C6 -> 33.6 | E21: =D21+VRAM!$D$12 -> 41.1 | F21: =IF(E21<=$B$7,"да","нет") -> нет | G21: =$C$7/D21 -> 8.9285714 | H21: =G21*'Исходные данные'!$B$18 -> 6.25 | I21: =IF(F21="нет","не влезает",IF(H21>='Исходные данные'!$B$11,"подходит","мало скорости")) -> не влезает
A22: L4 24 ГБ | B22: Qwen3-14B | C22: INT4 | D22: =VRAM!E6 -> 10.08 | E22: =D22+VRAM!$D$12 -> 17.58 | F22: =IF(E22<=$B$7,"да","нет") -> да | G22: =$C$7/D22 -> 29.761905 | H22: =G22*'Исходные данные'!$B$18 -> 20.833333 | I22: =IF(F22="нет","не влезает",IF(H22>='Исходные данные'!$B$11,"подходит","мало скорости")) -> мало скорости
A23: L4 24 ГБ | B23: Qwen3-30B-A3B | C23: FP16 | D23: =VRAM!C7 -> 72 | E23: =D23+VRAM!$D$12 -> 79.5 | F23: =IF(E23<=$B$7,"да","нет") -> нет | G23: =$C$7/D23 -> 4.1666667 | H23: =G23*'Исходные данные'!$B$18 -> 2.9166667 | I23: =IF(F23="нет","не влезает",IF(H23>='Исходные данные'!$B$11,"подходит","мало скорости")) -> не влезает
A24: L4 24 ГБ | B24: Qwen3-30B-A3B | C24: INT4 | D24: =VRAM!E7 -> 21.6 | E24: =D24+VRAM!$D$12 -> 29.1 | F24: =IF(E24<=$B$7,"да","нет") -> нет | G24: =$C$7/D24 -> 13.888889 | H24: =G24*'Исходные данные'!$B$18 -> 9.7222222 | I24: =IF(F24="нет","не влезает",IF(H24>='Исходные данные'!$B$11,"подходит","мало скорости")) -> не влезает
A25: A100 40 ГБ | B25: Qwen3-8B | C25: FP16 | D25: =VRAM!C5 -> 19.2 | E25: =D25+VRAM!$D$12 -> 26.7 | F25: =IF(E25<=$B$8,"да","нет") -> да | G25: =$C$8/D25 -> 80.989583 | H25: =G25*'Исходные данные'!$B$18 -> 56.692708 | I25: =IF(F25="нет","не влезает",IF(H25>='Исходные данные'!$B$11,"подходит","мало скорости")) -> мало скорости
A26: A100 40 ГБ | B26: Qwen3-8B | C26: INT4 | D26: =VRAM!E5 -> 5.76 | E26: =D26+VRAM!$D$12 -> 13.26 | F26: =IF(E26<=$B$8,"да","нет") -> да | G26: =$C$8/D26 -> 269.96528 | H26: =G26*'Исходные данные'!$B$18 -> 188.97569 | I26: =IF(F26="нет","не влезает",IF(H26>='Исходные данные'!$B$11,"подходит","мало скорости")) -> подходит
A27: A100 40 ГБ | B27: Qwen3-14B | C27: FP16 | D27: =VRAM!C6 -> 33.6 | E27: =D27+VRAM!$D$12 -> 41.1 | F27: =IF(E27<=$B$8,"да","нет") -> нет | G27: =$C$8/D27 -> 46.279762 | H27: =G27*'Исходные данные'!$B$18 -> 32.395833 | I27: =IF(F27="нет","не влезает",IF(H27>='Исходные данные'!$B$11,"подходит","мало скорости")) -> не влезает
A28: A100 40 ГБ | B28: Qwen3-14B | C28: INT4 | D28: =VRAM!E6 -> 10.08 | E28: =D28+VRAM!$D$12 -> 17.58 | F28: =IF(E28<=$B$8,"да","нет") -> да | G28: =$C$8/D28 -> 154.26587 | H28: =G28*'Исходные данные'!$B$18 -> 107.98611 | I28: =IF(F28="нет","не влезает",IF(H28>='Исходные данные'!$B$11,"подходит","мало скорости")) -> подходит
A29: A100 40 ГБ | B29: Qwen3-30B-A3B | C29: FP16 | D29: =VRAM!C7 -> 72 | E29: =D29+VRAM!$D$12 -> 79.5 | F29: =IF(E29<=$B$8,"да","нет") -> нет | G29: =$C$8/D29 -> 21.597222 | H29: =G29*'Исходные данные'!$B$18 -> 15.118056 | I29: =IF(F29="нет","не влезает",IF(H29>='Исходные данные'!$B$11,"подходит","мало скорости")) -> не влезает
A30: A100 40 ГБ | B30: Qwen3-30B-A3B | C30: INT4 | D30: =VRAM!E7 -> 21.6 | E30: =D30+VRAM!$D$12 -> 29.1 | F30: =IF(E30<=$B$8,"да","нет") -> да | G30: =$C$8/D30 -> 71.990741 | H30: =G30*'Исходные данные'!$B$18 -> 50.393519 | I30: =IF(F30="нет","не влезает",IF(H30>='Исходные данные'!$B$11,"подходит","мало скорости")) -> мало скорости
A31: A100 80 ГБ | B31: Qwen3-8B | C31: FP16 | D31: =VRAM!C5 -> 19.2 | E31: =D31+VRAM!$D$12 -> 26.7 | F31: =IF(E31<=$B$9,"да","нет") -> да | G31: =$C$9/D31 -> 100.78125 | H31: =G31*'Исходные данные'!$B$18 -> 70.546875 | I31: =IF(F31="нет","не влезает",IF(H31>='Исходные данные'!$B$11,"подходит","мало скорости")) -> мало скорости
A32: A100 80 ГБ | B32: Qwen3-8B | C32: INT4 | D32: =VRAM!E5 -> 5.76 | E32: =D32+VRAM!$D$12 -> 13.26 | F32: =IF(E32<=$B$9,"да","нет") -> да | G32: =$C$9/D32 -> 335.9375 | H32: =G32*'Исходные данные'!$B$18 -> 235.15625 | I32: =IF(F32="нет","не влезает",IF(H32>='Исходные данные'!$B$11,"подходит","мало скорости")) -> подходит
A33: A100 80 ГБ | B33: Qwen3-14B | C33: FP16 | D33: =VRAM!C6 -> 33.6 | E33: =D33+VRAM!$D$12 -> 41.1 | F33: =IF(E33<=$B$9,"да","нет") -> да | G33: =$C$9/D33 -> 57.589286 | H33: =G33*'Исходные данные'!$B$18 -> 40.3125 | I33: =IF(F33="нет","не влезает",IF(H33>='Исходные данные'!$B$11,"подходит","мало скорости")) -> мало скорости
A34: A100 80 ГБ | B34: Qwen3-14B | C34: INT4 | D34: =VRAM!E6 -> 10.08 | E34: =D34+VRAM!$D$12 -> 17.58 | F34: =IF(E34<=$B$9,"да","нет") -> да | G34: =$C$9/D34 -> 191.96429 | H34: =G34*'Исходные данные'!$B$18 -> 134.375 | I34: =IF(F34="нет","не влезает",IF(H34>='Исходные данные'!$B$11,"подходит","мало скорости")) -> подходит
A35: A100 80 ГБ | B35: Qwen3-30B-A3B | C35: FP16 | D35: =VRAM!C7 -> 72 | E35: =D35+VRAM!$D$12 -> 79.5 | F35: =IF(E35<=$B$9,"да","нет") -> да | G35: =$C$9/D35 -> 26.875 | H35: =G35*'Исходные данные'!$B$18 -> 18.8125 | I35: =IF(F35="нет","не влезает",IF(H35>='Исходные данные'!$B$11,"подходит","мало скорости")) -> мало скорости
A36: A100 80 ГБ | B36: Qwen3-30B-A3B | C36: INT4 | D36: =VRAM!E7 -> 21.6 | E36: =D36+VRAM!$D$12 -> 29.1 | F36: =IF(E36<=$B$9,"да","нет") -> да | G36: =$C$9/D36 -> 89.583333 | H36: =G36*'Исходные данные'!$B$18 -> 62.708333 | I36: =IF(F36="нет","не влезает",IF(H36>='Исходные данные'!$B$11,"подходит","мало скорости")) -> мало скорости
A38: T4 и L4 вмещают модель 8B в INT4, но дают менее половины требуемой скорости: ограничение - полоса памяти, а не объём.
A39: Qwen3-30B в INT4 помещается в A100 40 ГБ, но тоже не даёт 90 ток/с. Подходит Qwen3-14B в INT4 на A100 40 ГБ.
A40: Набрать скорость числом слабых карт нельзя: тензорный параллелизм делит веса, но добавляет обмен между картами по шине.

Sheet Облака
A1: Стоимость аренды: два российских облака
A2: Цены собраны в октябре 2026, перед договором подлежат перепроверке. Сопоставимость неполная: Yandex тарифицирует GPU, vCPU и память раздельно, Cloud.ru отдаёт vGPU в составе конфигурации.
A4: Провайдер | B4: Конфигурация | C4: Руб/ч | D4: Круглосуточно, руб/мес | E4: 12 ч в сутки, руб/мес | F4: Примечание
A5: Yandex Cloud | B5: A100 40 ГБ, нижняя ставка | C5: 179 | D5: =C5*'Исходные данные'!$B$19 -> 130670 | E5: =C5*365*12/12 -> 65335 | F5: Ставка за карту, без vCPU и памяти
A6: Yandex Cloud | B6: A100 40 ГБ, верхняя ставка | C6: 223 | D6: =C6*'Исходные данные'!$B$19 -> 162790 | E6: =C6*365*12/12 -> 81395 | F6: Ставка за карту, без vCPU и памяти
A7: Yandex Cloud | B7: T4 16 ГБ, DataSphere gt4.1 | C7: 168.48 | D7: =C7*'Исходные данные'!$B$19 -> 122990.4 | E7: =C7*365*12/12 -> 61495.2 | F7: Готовая конфигурация сервиса
A8: Cloud.ru | B8: A100 vGPU 40 ГБ | C8: 252.85 | D8: =C8*'Исходные данные'!$B$19 -> 184580.5 | E8: =C8*365*12/12 -> 92290.25 | F8: Минимальный период - месяц
A9: Cloud.ru | B9: A100 vGPU 80 ГБ | C9: 313.01 | D9: =C9*'Исходные данные'!$B$19 -> 228497.3 | E9: =C9*365*12/12 -> 114248.65 | F9: Минимальный период - месяц
A10: Оценка хоста | B10: vCPU и память к карте Yandex | C10: 20.55 | D10: =C10*'Исходные данные'!$B$19 -> 15001.5 | E10: =C10*365*12/12 -> 7500.75 | F10: Порядок величины, около 15 000 руб/мес
A12: Сопоставимые варианты под рекомендуемую конфигурацию: A100 40 ГБ и Qwen3-14B в INT4
A13: Вариант | B13: Состав | C13: Руб/мес | D13: Сверх минимума
A14: Yandex Cloud | B14: A100 40 ГБ по верхней ставке плюс хост | C14: =D6+D10 -> 177791.5 | D14: =C14-MIN($C$14:$C$15) -> 0
A15: Cloud.ru | B15: A100 vGPU 40 ГБ, всё включено | C15: =D8 -> 184580.5 | D15: =C15-MIN($C$14:$C$15) -> 6789
A16: Принято в смете | B16: Консервативная величина для расчёта владения | C16: 180000 | D16: =C16-MIN($C$14:$C$15) -> 2208.5
A18: Значение 180 000 попало в смету до этого расчёта и без источника. Проверка показала, что оно лежит внутри реального диапазона
A19: и ближе к верхней границе. Оставлено как консервативное: занизить стоимость в смете хуже, чем завысить.

Sheet Оптимизация
A1: Эффект vLLM: continuous batching и PagedAttention
A2: Расчёт на листе "Карты" уже предполагает пакетную обработку: за один проход по весам каждый поток получает по токену.
A3: Ниже показано, во что обошёлся бы отказ от неё.
A5: Показатель | B5: Без батчинга | C5: С continuous batching | D5: Ед. | E5: Комментарий
A6: Требуется суммарно | B6: ='Исходные данные'!$B$11*'Исходные данные'!$B$10 -> 1800 | C6: ='Исходные данные'!$B$11*'Исходные данные'!$B$10 -> 1800 | D6: ток/с | E6: 20 потоков по 90 токенов в секунду
A7: Даёт одна карта A100 40 ГБ | B7: =Карты!H28 -> 107.98611 | C7: =Карты!H28*'Исходные данные'!$B$10 -> 2159.7222 | D7: ток/с | E7: Рекомендуемая конфигурация: A100 40 ГБ, Qwen3-14B в INT4
A8: Карт нужно | B8: =ROUNDUP(B6/B7,0) -> 17 | C8: =ROUNDUP(C6/C7,0) -> 1 | D8: шт | E8: Округление вверх
A9: Аренда, руб/мес | B9: =B8*Облака!$C$15 -> 3137868.5 | C9: =C8*Облака!$C$15 -> 184580.5 | D9: руб | E9: По ставке Cloud.ru за A100 40 ГБ
A11: Экономия | B11: =B9-C9 -> 2953288 | C11: =IFERROR(B9/C9,0) -> 17 | D11: руб и раз | E11: Это не оптимизация, а условие выполнимости требования
A13: PagedAttention: экономия памяти под KV
A14: Показатель | B14: Классический аллокатор | C14: PagedAttention | D14: Ед. | E14: Комментарий
A15: Резервируется на поток | B15: =VRAM!C12 -> 0.375 | C15: =VRAM!C12*$B$19 -> 0.13125 | D15: ГБ | E15: Классический резервирует предельную длину заранее
A16: На 20 потоков | B16: =VRAM!D12 -> 7.5 | C16: =C15*'Исходные данные'!$B$10 -> 2.625 | D16: ГБ | E16: Фактическая длина диалога короче предельной
A17: Итого с весами 14B в INT4 | B17: =VRAM!E6+B16 -> 17.58 | C17: =VRAM!E6+C16 -> 12.705 | D17: ГБ | E17: Помещается в A100 40 ГБ в обоих случаях
A19: Доля предельной длины, занимаемая фактически | B19: 0.35 | E19: Допущение: средний диалог около трети предельного контекста
A21: Что даёт квантование, и почему дважды
A22: Переход с FP16 на INT4 уменьшает веса более чем втрое, и это сразу два эффекта: модель помещается в меньшую карту
A23: и генерирует быстрее, потому что за проход читается втрое меньше байт. PagedAttention экономит только память.
